"1696482216883","get","729","200"
"1696482216878","get","735","200"
"1696482216881","get","733","200"
"1696482216882","get","732","200"
"1696482216878","get","736","200"
"1696482216880","get","734","200"
"1696482216878","get","737","200"
"1696482216878","get","737","200"
"1696482216880","get","735","200"
"1696482216878","get","740","200"
"1696482217615","post","107","200"
"1696482217614","post","112","200"
"1696482217613","post","113","200"
"1696482217614","post","112","200"
"1696482217614","post","113","200"
"1696482217614","post","113","200"
"1696482217614","post","113","200"
"1696482217618","post","109","200"
"1696482217615","post","112","200"
"1696482217615","post","112","200"
"1696482217722","get","104","200"
"1696482217727","get","105","200"
"1696482217727","get","106","200"
"1696482217727","get","106","200"
"1696482217727","get","106","200"
"1696482217727","get","106","200"
"1696482217727","get","107","200"
"1696482217726","get","109","200"
"1696482217726","get","110","200"
"1696482217726","get","110","200"
"1696482217834","post","94","200"
"1696482217836","post","99","200"
"1696482217835","post","101","200"
"1696482217833","post","103","200"
"1696482217826","post","110","200"
"1696482217836","post","100","200"
"1696482217833","post","103","200"
"1696482217833","post","103","200"
"1696482217833","post","105","200"
"1696482217832","post","106","200"
"1696482217928","get","92","200"
"1696482217935","get","88","200"
"1696482217937","get","93","200"
"1696482217937","get","92","200"
"1696482217937","get","92","200"
"1696482217937","get","93","200"
"1696482217939","get","100","200"
"1696482217937","get","102","200"
"1696482217939","get","100","200"
"1696482217937","get","102","200"
"1696482218023","post","88","200"
"1696482218020","post","96","200"
"1696482218030","post","97","200"
"1696482218030","post","98","200"
"1696482218030","post","101","200"
"1696482218040","post","99","200"
"1696482218040","post","101","200"
"1696482218039","post","102","200"
"1696482218039","post","102","200"
"1696482218030","post","111","200"
"1696482218111","get","102","200"
"1696482218116","get","97","200"
"1696482218127","get","87","200"
"1696482218128","get","92","200"
"1696482218131","get","89","200"
"1696482218139","get","84","200"
"1696482218141","get","92","200"
"1696482218141","get","101","200"
"1696482218141","get","101","200"
"1696482218141","get","101","200"
"1696482218214","post","85","200"
"1696482218213","post","93","200"
"1696482218220","post","92","200"
"1696482218220","post","92","200"
"1696482218213","post","100","200"
"1696482218225","post","88","200"
"1696482218233","post","90","200"
"1696482218242","post","88","200"
"1696482218242","post","89","200"
"1696482218242","post","89","200"
"1696482218299","get","86","200"
"1696482218306","get","84","200"
"1696482218312","get","88","200"
"1696482218314","get","92","200"
"1696482218313","get","93","200"
"1696482218312","get","94","200"
"1696482218323","get","89","200"
"1696482218330","get","88","200"
"1696482218331","get","93","200"
"1696482218331","get","94","200"
"1696482218385","post","84","200"
"1696482218390","post","87","200"
"1696482218400","post","90","200"
"1696482218412","post","87","200"
"1696482218406","post","94","200"
"1696482218406","post","94","200"
"1696482218406","post","94","200"
"1696482218419","post","88","200"
"1696482218425","post","86","200"
"1696482218424","post","87","200"
"1696482218469","get","87","200"
"1696482218477","get","83","200"
"1696482218490","get","84","200"
"1696482218500","get","87","200"
"1696482218500","get","92","200"
"1696482218507","get","86","200"
"1696482218500","get","93","200"
"1696482218500","get","93","200"
"1696482218511","get","90","200"
"1696482218511","get","94","200"
"1696482218560","post","91","200"
"1696482218556","post","96","200"
"1696482218574","post","90","200"
"1696482218587","post","85","200"
"1696482218592","post","86","200"
"1696482218593","post","88","200"
"1696482218593","post","89","200"
"1696482218593","post","89","200"
"1696482218601","post","93","200"
"1696482218605","post","95","200"
"1696482218651","get","84","200"
"1696482218652","get","88","200"
"1696482218664","get","90","200"
"1696482218672","get","87","200"
"1696482218678","get","85","200"
"1696482218681","get","86","200"
"1696482218682","get","89","200"
"1696482218682","get","90","200"
"1696482218694","get","90","200"
"1696482218700","get","89","200"
"1696482218735","post","89","200"
"1696482218741","post","96","200"
"1696482218754","post","83","200"
"1696482218759","post","85","200"
"1696482218763","post","88","200"
"1696482218768","post","89","200"
"1696482218771","post","88","200"
"1696482218772","post","87","200"
"1696482218784","post","83","200"
"1696482218789","post","82","200"
"1696482218824","get","86","200"
"1696482218837","get","83","200"
"1696482218837","get","89","200"
"1696482218844","get","88","200"
"1696482218851","get","88","200"
"1696482218857","get","85","200"
"1696482218859","get","88","200"
"1696482218859","get","89","200"
"1696482218867","get","85","200"
"1696482218871","get","88","200"
"1696482218920","post","81","200"
"1696482218910","post","92","200"
"1696482218926","post","86","200"
"1696482218932","post","97","200"
"1696482218939","post","90","200"
"1696482218942","post","87","200"
"1696482218947","post","84","200"
"1696482218948","post","89","200"
"1696482218952","post","89","200"
"1696482218959","post","83","200"
"1696482219001","get","86","200"
"1696482219002","get","89","200"
"1696482219012","get","88","200"
"1696482219029","get","89","200"
"1696482219031","get","87","200"
"1696482219029","get","95","200"
"1696482219029","get","95","200"
"1696482219037","get","98","200"
"1696482219041","get","94","200"
"1696482219042","get","94","200"
"1696482219087","post","84","200"
"1696482219091","post","94","200"
"1696482219100","post","94","200"
"1696482219118","post","86","200"
"1696482219118","post","86","200"
"1696482219124","post","84","200"
"1696482219124","post","84","200"
"1696482219135","post","84","200"
"1696482219136","post","87","200"
"1696482219135","post","88","200"
"1696482219171","get","86","200"
"1696482219185","get","94","200"
"1696482219194","get","86","200"
"1696482219204","get","84","200"
"1696482219204","get","90","200"
"1696482219208","get","91","200"
"1696482219208","get","91","200"
"1696482219219","get","86","200"
"1696482219223","get","86","200"
"1696482219223","get","87","200"
"1696482219257","post","87","200"
"1696482219280","post","89","200"
"1696482219279","post","94","200"
"1696482219288","post","95","200"
"1696482219294","post","91","200"
"1696482219299","post","86","200"
"1696482219299","post","86","200"
"1696482219309","post","86","200"
"1696482219310","post","86","200"
"1696482219305","post","91","200"
"1696482219344","get","84","200"
"1696482219369","get","83","200"
"1696482219373","get","83","200"
"1696482219383","get","84","200"
"1696482219385","get","87","200"
"1696482219385","get","87","200"
"1696482219385","get","88","200"
"1696482219395","get","93","200"
"1696482219396","get","96","200"
"1696482219396","get","96","200"
"1696482219428","post","84","200"
"1696482219452","post","83","200"
"1696482219456","post","85","200"
"1696482219467","post","85","200"
"1696482219473","post","104","200"
"1696482219472","post","106","200"
"1696482219473","post","105","200"
"1696482219492","post","89","200"
"1696482219492","post","89","200"
"1696482219488","post","93","200"
"1696482219512","get","97","200"
"1696482219535","get","90","200"
"1696482219541","get","85","200"
"1696482219552","get","83","200"
"1696482219578","get","94","200"
"1696482219581","get","98","200"
"1696482219581","get","98","200"
"1696482219577","get","103","200"
"1696482219581","get","99","200"
"1696482219578","get","103","200"
"1696482219609","post","94","200"
"1696482219626","post","82","200"
"1696482219626","post","82","200"
"1696482219635","post","92","200"
"1696482219672","post","82","200"
"1696482219680","post","81","200"
"1696482219679","post","82","200"
"1696482219679","post","83","200"
"1696482219681","post","81","200"
"1696482219680","post","83","200"
"1696482219703","get","91","200"
"1696482219708","get","86","200"
"1696482219708","get","86","200"
"1696482219727","get","86","200"
"1696482219754","get","87","200"
"1696482219761","get","93","200"
"1696482219763","get","91","200"
"1696482219762","get","92","200"
"1696482219762","get","95","200"
"1696482219761","get","96","200"
"1696482219797","post","91","200"
"1696482219794","post","94","200"
"1696482219794","post","97","200"
"1696482219813","post","87","200"
"1696482219842","post","86","200"
"1696482219854","post","109","200"
"1696482219854","post","125","200"
"1696482219857","post","122","200"
"1696482219854","post","125","200"
"1696482219857","post","122","200"
"1696482219888","get","96","200"
"1696482219891","get","92","200"
"1696482219888","get","96","200"
"1696482219900","get","98","200"
"1696482219928","get","98","200"
"1696482219964","get","90","200"
"1696482219980","get","119","200"
"1696482219989","post","113","200"
"1696482219980","get","121","200"
"1696482219989","post","112","200"
"1696482219979","get","123","200"
"1696482219989","post","111","200"
"1696482219998","post","102","200"
"1696482219979","get","128","200"
"1696482220026","post","101","200"
"1696482220105","get","97","200"
"1696482220107","post","96","200"
"1696482220102","get","110","200"
"1696482220102","post","110","200"
"1696482220102","post","110","200"
"1696482220105","get","108","200"
"1696482220102","get","111","200"
"1696482220054","post","160","200"
"1696482220103","post","111","200"
"1696482220127","get","96","200"
"1696482220203","get","89","200"
"1696482220202","post","95","200"
"1696482220213","post","97","200"
"1696482220212","post","98","200"
"1696482220213","post","98","200"
"1696482220212","get","100","200"
"1696482220214","get","98","200"
"1696482220214","get","98","200"
"1696482220212","get","100","200"
"1696482220223","post","89","200"
"1696482220292","post","89","200"
"1696482220297","get","91","200"
"1696482220310","get","85","200"
"1696482220310","get","94","200"
"1696482220311","get","95","200"
"1696482220312","post","94","200"
"1696482220313","get","93","200"
"1696482220312","post","94","200"
"1696482220312","post","94","200"
"1696482220312","post","94","200"
"1696482220388","post","89","200"
"1696482220381","get","97","200"
"1696482220395","post","85","200"
"1696482220404","post","92","200"
"1696482220406","post","92","200"
"1696482220406","get","93","200"
"1696482220406","post","94","200"
"1696482220406","get","94","200"
"1696482220406","get","95","200"
"1696482220406","get","95","200"
"1696482220480","get","92","200"
"1696482220477","get","96","200"
"1696482220478","post","95","200"
"1696482220496","get","102","200"
"1696482220500","post","103","200"
"1696482220501","post","104","200"
"1696482220499","post","106","200"
"1696482220498","get","107","200"
"1696482220500","get","105","200"
"1696482220501","post","104","200"
"1696482220573","get","94","200"
"1696482220573","post","94","200"
"1696482220572","post","97","200"
"1696482220599","post","87","200"
"1696482220605","get","86","200"
"1696482220605","get","86","200"
"1696482220605","post","87","200"
"1696482220603","get","89","200"
"1696482220605","get","88","200"
"1696482220605","post","88","200"
"1696482220667","post","92","200"
"1696482220667","get","96","200"
"1696482220669","get","95","200"
"1696482220686","get","89","200"
"1696482220691","post","91","200"
"1696482220691","post","97","200"
"1696482220693","get","95","200"
"1696482220692","get","97","200"
"1696482220693","post","96","200"
"1696482220692","post","98","200"
"1696482220764","post","92","200"
"1696482220764","post","97","200"
"1696482220759","get","102","200"
"1696482220775","post","89","200"
"1696482220782","get","90","200"
"1696482220789","get","85","200"
"1696482220788","get","89","200"
"1696482220788","post","89","200"
"1696482220789","post","88","200"
"1696482220790","get","90","200"
"1696482220856","get","87","200"
"1696482220861","get","87","200"
"1696482220861","post","87","200"
"1696482220864","get","92","200"
"1696482220874","post","84","200"
"1696482220872","post","87","200"
"1696482220877","get","89","200"
"1696482220877","get","89","200"
"1696482220880","post","86","200"
"1696482220877","post","89","200"
"1696482220948","post","103","200"
"1696482220948","get","105","200"
"1696482220943","post","110","200"
"1696482220959","get","95","200"
"1696482220956","post","98","200"
"1696482220958","get","96","200"
"1696482220966","post","102","200"
"1696482220966","post","102","200"
"1696482220966","get","102","200"
"1696482220966","get","102","200"
"1696482221054","get","109","200"
"1696482221054","post","109","200"
"1696482221053","get","112","200"
"1696482221053","post","112","200"
"1696482221051","get","114","200"
"1696482221054","post","111","200"
"1696482221068","get","97","200"
"1696482221068","post","97","200"
"1696482221068","post","97","200"
"1696482221068","get","97","200"
"1696482221165","get","113","200"
"1696482221165","get","117","200"
"1696482221163","post","120","200"
"1696482221163","get","120","200"
"1696482221165","post","118","200"
"1696482221165","post","120","200"
"1696482221165","post","120","200"
"1696482221165","get","121","200"
"1696482221165","post","121","200"
"1696482221165","get","121","200"
"1696482221278","post","95","200"
"1696482221287","get","129","200"
"1696482221283","get","134","200"
"1696482221283","get","134","200"
"1696482221287","post","133","200"
"1696482221283","post","138","200"
"1696482221287","post","138","200"
"1696482221282","post","143","200"
"1696482221286","get","139","200"
"1696482221286","get","139","200"
"1696482221373","get","87","200"
"1696482221416","post","87","200"
"1696482221417","post","90","200"
"1696482221417","post","91","200"
"1696482221420","get","89","200"
"1696482221421","get","94","200"
"1696482221425","get","90","200"
"1696482221425","post","93","200"
"1696482221425","post","94","200"
"1696482221425","get","94","200"
"1696482221460","post","88","200"
"1696482221503","get","88","200"
"1696482221509","post","86","200"
"1696482221507","get","90","200"
"1696482221508","get","92","200"
"1696482221515","post","92","200"
"1696482221515","post","93","200"
"1696482221518","get","90","200"
"1696482221519","post","93","200"
"1696482221519","get","94","200"
"1696482221548","get","86","200"
"1696482221595","get","92","200"
"1696482221591","post","97","200"
"1696482221597","post","91","200"
"1696482221600","post","90","200"
"1696482221607","get","98","200"
"1696482221612","get","97","200"
"1696482221608","get","101","200"
"1696482221608","post","101","200"
"1696482221613","post","96","200"
"1696482221634","post","85","200"
"1696482221688","get","89","200"
"1696482221688","get","94","200"
"1696482221690","get","92","200"
"1696482221687","post","95","200"
"1696482221705","post","83","200"
"1696482221709","post","86","200"
"1696482221709","get","93","200"
"1696482221709","get","93","200"
"1696482221709","post","94","200"
"1696482221719","get","88","200"
"1696482221777","post","86","200"
"1696482221782","post","91","200"
"1696482221782","post","97","200"
"1696482221782","get","98","200"
"1696482221788","get","92","200"
"1696482221796","get","86","200"
"1696482221802","post","90","200"
"1696482221807","post","91","200"
"1696482221802","post","97","200"
"1696482221803","get","96","200"
"1696482221863","get","88","200"
"1696482221873","get","88","200"
"1696482221879","get","87","200"
"1696482221880","post","87","200"
"1696482221880","post","88","200"
"1696482221882","post","91","200"
"1696482221892","get","89","200"
"1696482221898","get","94","200"
"1696482221899","get","99","200"
"1696482221899","post","99","200"
"1696482221951","post","88","200"
"1696482221961","post","92","200"
"1696482221966","post","93","200"
"1696482221967","get","97","200"
"1696482221973","get","93","200"
"1696482221968","get","98","200"
"1696482221981","post","90","200"
"1696482221992","post","85","200"
"1696482221998","post","84","200"
"1696482221998","get","90","200"
"1696482222039","get","86","200"
"1696482222053","get","92","200"
"1696482222059","get","89","200"
"1696482222064","post","94","200"
"1696482222066","post","93","200"
"1696482222072","get","88","200"
"1696482222066","post","94","200"
"1696482222077","get","89","200"
"1696482222082","get","89","200"
"1696482222088","post","89","200"
"1696482222125","post","90","200"
"1696482222145","post","91","200"
"1696482222148","post","91","200"
"1696482222158","get","90","200"
"1696482222160","get","88","200"
"1696482222160","get","90","200"
"1696482222160","post","91","200"
"1696482222166","post","85","200"
"1696482222171","post","84","200"
"1696482222178","get","88","200"
"1696482222215","get","84","200"
"1696482222236","get","84","200"
"1696482222239","get","86","200"
"1696482222248","post","82","200"
"1696482222248","post","90","200"
"1696482222251","get","92","200"
"1696482222251","get","98","200"
"1696482222250","post","99","200"
"1696482222255","get","95","200"
"1696482222266","post","87","200"
"1696482222299","post","90","200"
"1696482222325","post","84","200"
"1696482222320","post","89","200"
"1696482222330","get","97","200"
"1696482222338","get","94","200"
"1696482222343","post","149","200"
"1696482222349","post","149","200"
"1696482222350","post","149","200"
"1696482222349","get","151","200"
"1696482222391","get","109","200"
"1696482222353","get","147","200"
"1696482222409","get","95","200"
"1696482222409","get","102","200"
"1696482222428","post","87","200"
"1696482222432","post","87","200"
"1696482222492","get","87","200"
"1696482222501","get","87","200"
"1696482222504","post","90","200"
"1696482222501","get","94","200"
"1696482222501","post","95","200"
"1696482222502","post","94","200"
"1696482222502","post","94","200"
"1696482222512","post","86","200"
"1696482222519","get","84","200"
"1696482222515","get","89","200"
"1696482222579","post","85","200"
"1696482222588","post","85","200"
"1696482222594","get","85","200"
"1696482222596","get","88","200"
"1696482222596","get","90","200"
"1696482222595","post","91","200"
"1696482222598","get","88","200"
"1696482222596","get","90","200"
"1696482222604","post","85","200"
"1696482222603","post","86","200"
"1696482222664","get","89","200"
"1696482222673","get","87","200"
"1696482222679","post","84","200"
"1696482222684","post","83","200"
"1696482222686","get","87","200"
"1696482222686","post","87","200"
"1696482222686","post","87","200"
"1696482222686","post","88","200"
"1696482222689","get","89","200"
"1696482222689","get","90","200"
"1696482222754","post","96","200"
"1696482222768","get","88","200"
"1696482222773","get","88","200"
"1696482222778","post","84","200"
"1696482222774","get","88","200"
"1696482222773","get","90","200"
"1696482222761","post","102","200"
"1696482222773","post","90","200"
"1696482222763","get","102","200"
"1696482222779","post","86","200"
"1696482222850","get","84","200"
"1696482222856","post","87","200"
"1696482222861","post","86","200"
"1696482222863","post","86","200"
"1696482222863","get","86","200"
"1696482222862","get","87","200"
"1696482222863","get","87","200"
"1696482222862","post","88","200"
"1696482222865","post","89","200"
"1696482222865","get","90","200"
"1696482222934","post","89","200"
"1696482222943","get","86","200"
"1696482222947","get","86","200"
"1696482222950","get","89","200"
"1696482222949","get","91","200"
"1696482222949","post","91","200"
"1696482222949","post","91","200"
"1696482222950","post","91","200"
"1696482222955","post","88","200"
"1696482222954","get","89","200"
"1696482223023","get","86","200"
"1696482223029","post","83","200"
"1696482223033","post","86","200"
"1696482223039","post","83","200"
"1696482223041","get","86","200"
"1696482223040","get","87","200"
"1696482223040","post","88","200"
"1696482223043","get","85","200"
"1696482223043","post","86","200"
"1696482223040","get","89","200"
"1696482223109","post","89","200"
"1696482223112","get","88","200"
"1696482223119","get","86","200"
"1696482223122","get","88","200"
"1696482223127","post","89","200"
"1696482223129","get","87","200"
"1696482223128","get","89","200"
"1696482223129","post","88","200"
"1696482223128","post","90","200"
"1696482223127","post","92","200"
"1696482223210","post","87","200"
"1696482223216","post","88","200"
"1696482223218","get","86","200"
"1696482223200","get","104","200"
"1696482223218","get","86","200"
"1696482223205","post","100","200"
"1696482223217","post","88","200"
"1696482223200","post","105","200"
"1696482223216","get","89","200"
"1696482223219","get","86","200"
"1696482223297","get","92","200"
"1696482223304","post","97","200"
"1696482223305","post","98","200"
"1696482223305","get","98","200"
"1696482223304","post","100","200"
"1696482223305","get","99","200"
"1696482223304","get","100","200"
"1696482223305","get","99","200"
"1696482223305","post","99","200"
"1696482223304","post","100","200"
"1696482223389","post","91","200"
"1696482223403","post","83","200"
"1696482223404","post","88","200"
"1696482223404","post","89","200"
"1696482223404","post","89","200"
"1696482223403","get","91","200"
"1696482223404","get","93","200"
"1696482223401","get","97","200"
"1696482223404","get","94","200"
"1696482223404","get","94","200"
"1696482223480","get","87","200"
"1696482223486","get","87","200"
"1696482223497","post","87","200"
"1696482223493","get","91","200"
"1696482223498","post","88","200"
"1696482223494","post","92","200"
"1696482223498","post","91","200"
"1696482223493","get","96","200"
"1696482223498","post","91","200"
"1696482223492","get","97","200"
"1696482223567","post","98","200"
"1696482223573","post","101","200"
"1696482223589","get","146","200"
"1696482223584","post","156","200"
"1696482223586","get","155","200"
"1696482223589","get","152","200"
"1696482223586","get","155","200"
"1696482223584","get","157","200"
"1696482223589","post","157","200"
"1696482223589","post","157","200"
"1696482223666","get","90","200"
"1696482223674","get","86","200"
"1696482223735","post","88","200"
"1696482223741","post","86","200"
"1696482223741","post","87","200"
"1696482223741","post","87","200"
"1696482223740","get","88","200"
"1696482223741","post","87","200"
"1696482223746","get","86","200"
"1696482223746","get","86","200"
"1696482223756","post","83","200"
"1696482223760","post","83","200"
"1696482223823","get","84","200"
"1696482223829","get","84","200"
"1696482223828","get","85","200"
"1696482223829","get","85","200"
"1696482223829","get","85","200"
"1696482223829","post","85","200"
"1696482223832","post","86","200"
"1696482223832","post","86","200"
"1696482223839","get","87","200"
"1696482223843","get","86","200"
"1696482223908","post","88","200"
"1696482223914","post","93","200"
"1696482223914","post","96","200"
"1696482223913","post","98","200"
"1696482223913","post","98","200"
"1696482223918","get","93","200"
"1696482223918","get","93","200"
"1696482223914","get","97","200"
"1696482223926","post","86","200"
"1696482223929","post","86","200"
"1696482223996","get","96","200"
"1696482224012","get","85","200"
"1696482224007","get","91","200"
"1696482224011","get","88","200"
"1696482224011","post","88","200"
"1696482224010","get","89","200"
"1696482224011","post","87","200"
"1696482224011","get","88","200"
"1696482224015","get","85","200"
"1696482224011","post","90","200"
"1696482224092","post","91","200"
"1696482224099","post","89","200"
"1696482224101","get","89","200"
"1696482224097","post","93","200"
"1696482224099","post","91","200"
"1696482224099","post","91","200"
"1696482224099","get","91","200"
"1696482224099","post","91","200"
"1696482224101","post","90","200"
"1696482224099","get","92","200"
"1696482224190","get","89","200"
"1696482224190","post","94","200"
"1696482224191","post","94","200"
"1696482224191","get","97","200"
"1696482224188","get","100","200"
"1696482224190","post","98","200"
"1696482224183","get","106","200"
"1696482224190","get","98","200"
"1696482224190","get","98","200"
"1696482224190","get","100","200"
"1696482224279","post","87","200"
"1696482224284","get","87","200"
"1696482224285","get","86","200"
"1696482224289","post","88","200"
"1696482224290","post","92","200"
"1696482224290","post","96","200"
"1696482224290","post","96","200"
"1696482224289","get","97","200"
"1696482224289","post","97","200"
"1696482224290","post","96","200"
"1696482224371","post","86","200"
"1696482224371","post","87","200"
"1696482224366","get","92","200"
"1696482224377","get","85","200"
"1696482224382","get","85","200"
"1696482224386","get","86","200"
"1696482224386","post","86","200"
"1696482224386","get","87","200"
"1696482224386","get","87","200"
"1696482224386","get","87","200"
"1696482224458","get","95","200"
"1696482224458","post","101","200"
"1696482224467","post","93","200"
"1696482224474","post","86","200"
"1696482224474","post","86","200"
"1696482224458","get","102","200"
"1696482224462","post","98","200"
"1696482224474","get","86","200"
"1696482224474","post","86","200"
"1696482224472","post","88","200"
"1696482224553","post","85","200"
"1696482224560","get","84","200"
"1696482224560","get","84","200"
"1696482224560","post","86","200"
"1696482224560","get","86","200"
"1696482224560","get","86","200"
"1696482224559","get","87","200"
"1696482224560","post","87","200"
"1696482224560","get","88","200"
"1696482224560","get","88","200"
"1696482224638","get","88","200"
"1696482224646","get","86","200"
"1696482224646","post","86","200"
"1696482224647","get","86","200"
"1696482224644","post","89","200"
"1696482224648","post","85","200"
"1696482224648","post","86","200"
"1696482224646","post","88","200"
"1696482224646","post","88","200"
"1696482224644","post","90","200"
"1696482224732","get","83","200"
"1696482224732","post","85","200"
"1696482224733","post","84","200"
"1696482224726","post","92","200"
"1696482224733","get","85","200"
"1696482224734","get","85","200"
"1696482224734","get","86","200"
"1696482224734","get","86","200"
"1696482224734","get","89","200"
"1696482224733","get","91","200"
"1696482224817","get","119","200"
"1696482224818","get","122","200"
"1696482224815","post","125","200"
"1696482224817","get","124","200"
"1696482224818","post","127","200"
"1696482224819","post","126","200"
"1696482224824","post","122","200"
"1696482224823","post","127","200"
"1696482224820","post","130","200"
"1696482224820","post","131","200"
"1696482224941","post","78","200"
"1696482224940","post","79","200"
"1696482224940","get","79","200"
"1696482224936","post","83","200"
"1696482224945","get","92","200"
"1696482224951","get","87","200"
"1696482224950","get","88","200"
"1696482224945","get","94","200"
"1696482224950","get","89","200"
"1696482224946","get","93","200"
"1696482225019","get","84","200"
"1696482225019","post","89","200"
"1696482225019","get","90","200"
"1696482225019","get","98","200"
"1696482225038","post","85","200"
"1696482225037","post","86","200"
"1696482225039","post","84","200"
"1696482225038","post","87","200"
"1696482225039","post","86","200"
"1696482225039","post","88","200"
"1696482225103","post","80","200"
"1696482225108","get","86","200"
"1696482225109","post","86","200"
"1696482225117","post","89","200"
"1696482225125","get","87","200"
"1696482225125","get","87","200"
"1696482225123","get","90","200"
"1696482225123","get","90","200"
"1696482225123","get","93","200"
"1696482225127","get","91","200"
"1696482225184","get","93","200"
"1696482225195","get","86","200"
"1696482225194","post","89","200"
"1696482225206","get","87","200"
"1696482225212","post","86","200"
"1696482225213","post","89","200"
"1696482225218","post","85","200"
"1696482225216","post","87","200"
"1696482225212","post","91","200"
"1696482225213","post","91","200"
"1696482225277","post","84","200"
"1696482225283","get","83","200"
"1696482225281","post","85","200"
"1696482225293","post","83","200"
"1696482225303","get","83","200"
"1696482225298","get","90","200"
"1696482225302","get","88","200"
"1696482225303","get","88","200"
"1696482225303","get","88","200"
"1696482225304","get","87","200"
"1696482225361","get","86","200"
"1696482225366","get","92","200"
"1696482225366","post","91","200"
"1696482225376","get","85","200"
"1696482225387","post","82","200"
"1696482225390","post","86","200"
"1696482225389","post","87","200"
"1696482225391","post","91","200"
"1696482225391","post","91","200"
"1696482225391","post","91","200"
"1696482225447","post","83","200"
"1696482225458","post","84","200"
"1696482225462","post","85","200"
"1696482225458","get","89","200"
"1696482225469","get","83","200"
"1696482225476","get","80","200"
"1696482225476","get","88","200"
"1696482225482","get","85","200"
"1696482225482","get","86","200"
"1696482225482","get","86","200"
"1696482225530","get","82","200"
"1696482225542","get","85","200"
"1696482225547","post","83","200"
"1696482225547","get","84","200"
"1696482225556","post","82","200"
"1696482225552","post","86","200"
"1696482225567","post","85","200"
"1696482225568","post","85","200"
"1696482225568","post","85","200"
"1696482225564","post","89","200"
"1696482225612","post","90","200"
"1696482225627","post","84","200"
"1696482225630","get","87","200"
"1696482225631","post","87","200"
"1696482225638","get","83","200"
"1696482225638","get","93","200"
"1696482225653","get","82","200"
"1696482225652","get","88","200"
"1696482225653","get","87","200"
"1696482225653","get","88","200"
"1696482225702","get","83","200"
"1696482225711","get","85","200"
"1696482225718","get","84","200"
"1696482225717","post","85","200"
"1696482225721","post","85","200"
"1696482225731","post","85","200"
"1696482225735","post","86","200"
"1696482225740","post","87","200"
"1696482225740","post","87","200"
"1696482225741","post","87","200"
"1696482225785","post","88","200"
"1696482225796","post","81","200"
"1696482225802","post","82","200"
"1696482225806","get","79","200"
"1696482225802","get","83","200"
"1696482225816","get","90","200"
"1696482225821","get","86","200"
"1696482225827","get","84","200"
"1696482225827","get","90","200"
"1696482225828","get","90","200"
"1696482225873","get","83","200"
"1696482225877","get","85","200"
"1696482225885","post","80","200"
"1696482225884","get","80","200"
"1696482225885","post","88","200"
"1696482225906","post","104","200"
"1696482225918","post","97","200"
"1696482225911","post","108","200"
"1696482225907","post","113","200"
"1696482225917","post","103","200"
"1696482225956","post","92","200"
"1696482225965","post","90","200"
"1696482225965","get","94","200"
"1696482225973","get","86","200"
"1696482225962","post","98","200"
"1696482226010","get","82","200"
"1696482226015","get","87","200"
"1696482226020","get","88","200"
"1696482226019","get","90","200"
"1696482226020","get","89","200"
"1696482226048","get","84","200"
"1696482226055","get","88","200"
"1696482226059","post","91","200"
"1696482226060","get","91","200"
"1696482226059","post","92","200"
"1696482226093","post","87","200"
"1696482226108","post","86","200"
"1696482226102","post","92","200"
"1696482226109","post","88","200"
"1696482226109","post","88","200"
"1696482226132","post","83","200"
"1696482226143","post","82","200"
"1696482226150","get","81","200"
"1696482226151","post","86","200"
"1696482226151","get","86","200"
"1696482226180","get","85","200"
"1696482226194","get","94","200"
"1696482226197","get","92","200"
"1696482226197","get","92","200"
"1696482226194","get","95","200"
"1696482226215","get","85","200"
"1696482226225","get","87","200"
"1696482226231","post","81","200"
"1696482226237","post","91","200"
"1696482226237","get","91","200"
"1696482226265","post","88","200"
"1696482226289","post","83","200"
"1696482226289","post","83","200"
"1696482226288","post","85","200"
"1696482226289","post","84","200"
"1696482226300","post","84","200"
"1696482226312","post","81","200"
"1696482226312","get","89","200"
"1696482226328","post","85","200"
"1696482226328","get","90","200"
"1696482226353","get","88","200"
"1696482226372","get","88","200"
"1696482226373","get","88","200"
"1696482226373","get","88","200"
"1696482226372","get","89","200"
"1696482226384","get","83","200"
"1696482226393","get","82","200"
"1696482226401","post","84","200"
"1696482226413","get","82","200"
"1696482226418","post","82","200"
"1696482226441","post","87","200"
"1696482226460","post","84","200"
"1696482226461","post","84","200"
"1696482226461","post","84","200"
"1696482226461","post","84","200"
"1696482226467","post","83","200"
"1696482226475","post","84","200"
"1696482226485","get","83","200"
"1696482226495","post","84","200"
"1696482226545","get","99","200"
"1696482226559","get","87","200"
"1696482226550","get","97","200"
"1696482226545","get","102","200"
"1696482226500","get","149","200"
"1696482226528","get","121","200"
"1696482226545","get","104","200"
"1696482226568","post","84","200"
"1696482226544","get","107","200"
"1696482226579","get","171","200"
"1696482226647","post","108","200"
"1696482226646","post","114","200"
"1696482226669","get","91","200"
"1696482226646","post","116","200"
"1696482226647","post","115","200"
"1696482226649","post","113","200"
"1696482226669","post","93","200"
"1696482226649","post","113","200"
"1696482226669","post","93","200"
"1696482226750","post","89","200"
"1696482226755","get","84","200"
"1696482226760","get","84","200"
"1696482226762","get","83","200"
"1696482226760","post","85","200"
"1696482226762","get","87","200"
"1696482226762","get","87","200"
"1696482226763","get","87","200"
"1696482226762","get","88","200"
"1696482226762","get","89","200"
"1696482226839","get","90","200"
"1696482226849","post","86","200"
"1696482226849","post","86","200"
"1696482226839","post","97","200"
"1696482226845","post","91","200"
"1696482226844","post","92","200"
"1696482226845","get","91","200"
"1696482226851","post","89","200"
"1696482226850","post","91","200"
"1696482226850","post","91","200"
"1696482226929","post","83","200"
"1696482226935","get","81","200"
"1696482226936","get","85","200"
"1696482226936","get","85","200"
"1696482226935","get","87","200"
"1696482226936","get","88","200"
"1696482226936","post","89","200"
"1696482226940","get","87","200"
"1696482226941","get","86","200"
"1696482226941","get","86","200"
"1696482227012","get","89","200"
"1696482227016","post","86","200"
"1696482227021","post","87","200"
"1696482227022","post","87","200"
"1696482227021","post","88","200"
"1696482227024","post","86","200"
"1696482227025","get","89","200"
"1696482227027","post","87","200"
"1696482227027","post","87","200"
"1696482227027","post","87","200"
"1696482227101","post","85","200"
"1696482227102","get","89","200"
"1696482227110","get","85","200"
"1696482227109","get","87","200"
"1696482227108","get","88","200"
"1696482227109","get","87","200"
"1696482227114","get","89","200"
"1696482227114","get","89","200"
"1696482227114","get","89","200"
"1696482227114","post","89","200"
"1696482227186","get","84","200"
"1696482227191","post","85","200"
"1696482227195","post","85","200"
"1696482227196","post","88","200"
"1696482227196","post","89","200"
"1696482227196","post","89","200"
"1696482227204","get","88","200"
"1696482227203","post","89","200"
"1696482227204","post","90","200"
"1696482227203","post","91","200"
"1696482227270","post","87","200"
"1696482227276","get","86","200"
"1696482227280","get","90","200"
"1696482227285","get","86","200"
"1696482227284","get","88","200"
"1696482227285","get","87","200"
"1696482227294","get","89","200"
"1696482227294","get","89","200"
"1696482227292","post","91","200"
"1696482227292","get","91","200"
"1696482227357","get","84","200"
"1696482227362","post","90","200"
"1696482227371","post","87","200"
"1696482227372","post","87","200"
"1696482227372","post","87","200"
"1696482227370","post","90","200"
"1696482227383","post","82","200"
"1696482227383","post","89","200"
"1696482227383","post","90","200"
"1696482227383","get","90","200"
"1696482227441","post","87","200"
"1696482227452","get","88","200"
"1696482227459","get","92","200"
"1696482227460","get","95","200"
"1696482227460","get","96","200"
"1696482227473","get","83","200"
"1696482227472","get","85","200"
"1696482227458","get","102","200"
"1696482227466","get","97","200"
"1696482227473","post","90","200"
"1696482227528","get","90","200"
"1696482227540","post","83","200"
"1696482227551","post","103","200"
"1696482227555","post","99","200"
"1696482227556","post","98","200"
"1696482227556","post","98","200"
"1696482227560","post","94","200"
"1696482227557","post","97","200"
"1696482227563","post","101","200"
"1696482227563","get","107","200"
"1696482227618","post","86","200"
"1696482227623","get","86","200"
"1696482227654","get","84","200"
"1696482227654","get","90","200"
"1696482227654","get","93","200"
"1696482227654","get","93","200"
"1696482227654","get","93","200"
"1696482227654","get","93","200"
"1696482227664","get","91","200"
"1696482227670","post","89","200"
"1696482227704","get","83","200"
"1696482227709","post","88","200"
"1696482227744","post","84","200"
"1696482227738","post","90","200"
"1696482227747","post","85","200"
"1696482227747","post","85","200"
"1696482227747","post","86","200"
"1696482227747","post","87","200"
"1696482227755","post","82","200"
"1696482227759","get","82","200"
"1696482227787","post","85","200"
"1696482227798","get","91","200"
"1696482227828","get","86","200"
"1696482227832","get","101","200"
"1696482227832","get","104","200"
"1696482227833","get","103","200"
"1696482227828","get","108","200"
"1696482227834","get","102","200"
"1696482227841","post","95","200"
"1696482227837","get","99","200"
"1696482227872","get","92","200"
"1696482227889","post","82","200"
"1696482227914","post","98","200"
"1696482227933","post","84","200"
"1696482227936","post","87","200"
"1696482227936","post","87","200"
"1696482227936","get","88","200"
"1696482227936","post","88","200"
"1696482227936","post","89","200"
"1696482227936","post","89","200"
"1696482227964","post","84","200"
"1696482227971","get","88","200"
"1696482228012","get","91","200"
"1696482228025","get","84","200"
"1696482228017","get","93","200"
"1696482228024","post","86","200"
"1696482228024","get","86","200"
"1696482228023","get","88","200"
"1696482228023","get","88","200"
"1696482228025","get","88","200"
"1696482228048","get","85","200"
"1696482228059","post","84","200"
"1696482228103","post","84","200"
"1696482228109","post","83","200"
"1696482228110","post","87","200"
"1696482228110","post","87","200"
"1696482228110","get","88","200"
"1696482228113","post","85","200"
"1696482228111","post","87","200"
"1696482228111","post","88","200"
"1696482228134","post","95","200"
"1696482228144","get","88","200"
"1696482228188","get","82","200"
"1696482228192","get","86","200"
"1696482228198","get","86","200"
"1696482228198","get","87","200"
"1696482228199","get","86","200"
"1696482228198","post","91","200"
"1696482228197","get","92","200"
"1696482228197","get","93","200"
"1696482228230","get","93","200"
"1696482228233","post","91","200"
"1696482228270","post","88","200"
"1696482228278","post","83","200"
"1696482228284","post","85","200"
"1696482228285","post","89","200"
"1696482228285","post","89","200"
"1696482228289","get","90","200"
"1696482228290","post","91","200"
"1696482228289","post","92","200"
"1696482228324","get","91","200"
"1696482228324","post","94","200"
"1696482228358","get","85","200"
"1696482228361","get","86","200"
"1696482228374","get","85","200"
"1696482228369","get","91","200"
"1696482228381","get","83","200"
"1696482228379","post","85","200"
"1696482228375","get","89","200"
"1696482228381","get","86","200"
"1696482228415","post","82","200"
"1696482228418","get","84","200"
"1696482228443","post","84","200"
"1696482228448","post","85","200"
"1696482228459","post","82","200"
"1696482228460","post","86","200"
"1696482228464","post","86","200"
"1696482228467","post","85","200"
"1696482228464","get","88","200"
"1696482228464","post","88","200"
"1696482228497","get","81","200"
"1696482228502","post","83","200"
"1696482228527","get","84","200"
"1696482228533","get","83","200"
"1696482228541","get","86","200"
"1696482228546","get","85","200"
"1696482228552","get","83","200"
"1696482228552","post","84","200"
"1696482228552","get","84","200"
"1696482228550","get","86","200"
"1696482228578","post","84","200"
"1696482228585","get","85","200"
"1696482228611","post","87","200"
"1696482228616","post","84","200"
"1696482228627","post","85","200"
"1696482228632","post","86","200"
"1696482228636","post","86","200"
"1696482228636","post","87","200"
"1696482228635","post","88","200"
"1696482228636","get","92","200"
"1696482228662","get","87","200"
"1696482228670","post","82","200"
"1696482228698","get","92","200"
"1696482228700","get","93","200"
"1696482228712","get","89","200"
"1696482228718","get","84","200"
"1696482228722","get","85","200"
"1696482228723","get","84","200"
"1696482228723","get","85","200"
"1696482228750","post","106","200"
"1696482228728","post","128","200"
"1696482228752","get","108","200"
"1696482228793","post","85","200"
"1696482228790","post","88","200"
"1696482228802","post","84","200"
"1696482228807","post","84","200"
"1696482228807","post","85","200"
"1696482228808","post","84","200"
"1696482228802","post","90","200"
"1696482228857","get","83","200"
"1696482228856","get","89","200"
"1696482228861","post","84","200"
"1696482228878","get","81","200"
"1696482228878","get","89","200"
"1696482228886","get","85","200"
"1696482228892","get","83","200"
"1696482228892","get","84","200"
"1696482228892","get","84","200"
"1696482228891","get","85","200"
"1696482228940","post","83","200"
"1696482228945","post","82","200"
"1696482228945","get","82","200"
"1696482228959","post","86","200"
"1696482228967","post","84","200"
"1696482228971","post","85","200"
"1696482228976","post","85","200"
"1696482228976","post","86","200"
"1696482228976","post","86","200"
"1696482228975","post","87","200"
"1696482229023","get","85","200"
"1696482229027","get","85","200"
"1696482229027","post","85","200"
"1696482229045","get","82","200"
"1696482229051","get","85","200"
"1696482229056","get","83","200"
"1696482229061","get","83","200"
"1696482229062","get","88","200"
"1696482229062","get","89","200"
"1696482229062","get","89","200"
"1696482229108","post","87","200"
"1696482229112","post","87","200"
"1696482229112","get","89","200"
"1696482229127","post","86","200"
"1696482229136","post","83","200"
"1696482229139","post","86","200"
"1696482229144","post","87","200"
"1696482229150","post","86","200"
"1696482229151","post","85","200"
"1696482229151","post","86","200"
"1696482229195","get","84","200"
"1696482229199","get","84","200"
"1696482229201","post","89","200"
"1696482229213","get","88","200"
"1696482229219","get","84","200"
"1696482229231","get","90","200"
"1696482229225","get","96","200"
"1696482229237","get","94","200"
"1696482229236","get","95","200"
"1696482229236","get","95","200"
"1696482229279","post","85","200"
"1696482229283","post","84","200"
"1696482229290","get","85","200"
"1696482229301","post","84","200"
"1696482229303","post","87","200"
"1696482229321","post","90","200"
"1696482229321","post","98","200"
"1696482229331","post","88","200"
"1696482229331","post","89","200"
"1696482229331","post","90","200"
"1696482229364","get","84","200"
"1696482229367","get","84","200"
"1696482229375","post","87","200"
"1696482229385","get","87","200"
"1696482229390","get","87","200"
"1696482229420","get","90","200"
"1696482229411","get","99","200"
"1696482229420","get","90","200"
"1696482229421","get","89","200"
"1696482229419","get","91","200"
"1696482229448","post","86","200"
"1696482229451","post","86","200"
"1696482229462","get","84","200"
"1696482229472","post","85","200"
"1696482229477","post","85","200"
"1696482229510","post","84","200"
"1696482229510","post","88","200"
"1696482229510","post","89","200"
"1696482229510","post","89","200"
"1696482229510","post","93","200"
"1696482229534","get","87","200"
"1696482229537","get","85","200"
"1696482229546","post","82","200"
"1696482229557","get","83","200"
"1696482229562","get","83","200"
"1696482229594","get","88","200"
"1696482229599","get","88","200"
"1696482229599","get","88","200"
"1696482229599","get","88","200"
"1696482229603","get","88","200"
"1696482229621","post","83","200"
"1696482229622","post","89","200"
"1696482229628","get","89","200"
"1696482229640","post","86","200"
"1696482229645","post","86","200"
"1696482229682","post","85","200"
"1696482229687","post","89","200"
"1696482229687","post","91","200"
"1696482229691","post","90","200"
"1696482229687","post","100","200"
"1696482229704","get","87","200"
"1696482229711","get","85","200"
"1696482229717","post","86","200"
"1696482229726","get","88","200"
"1696482229731","get","88","200"
"1696482229767","get","88","200"
"1696482229776","get","83","200"
"1696482229778","get","86","200"
"1696482229781","get","87","200"
"1696482229787","get","88","200"
"1696482229796","post","83","200"
"1696482229791","post","88","200"
"1696482229803","get","88","200"
"1696482229814","post","87","200"
"1696482229819","post","87","200"
"1696482229855","post","82","200"
"1696482229859","post","83","200"
"1696482229864","post","82","200"
"1696482229868","post","85","200"
"1696482229875","post","78","200"
"1696482229879","get","87","200"
"1696482229879","get","88","200"
"1696482229891","post","105","200"
"1696482229906","get","90","200"
"1696482229901","get","95","200"
"1696482229937","get","86","200"
"1696482229942","get","84","200"
"1696482229946","get","86","200"
"1696482229953","get","87","200"
"1696482229953","get","90","200"
"1696482229967","post","93","200"
"1696482229966","post","97","200"
"1696482229997","post","131","200"
"1696482230032","post","101","200"
"1696482230043","post","91","200"
"1696482230023","post","111","200"
"1696482230040","post","97","200"
"1696482229997","get","140","200"
"1696482230026","post","111","200"
"1696482229997","post","140","200"
"1696482230060","get","90","200"
"1696482230063","get","87","200"
"1696482230134","get","84","200"
"1696482230133","get","85","200"
"1696482230128","get","91","200"
"1696482230137","post","82","200"
"1696482230137","get","83","200"
"1696482230137","get","86","200"
"1696482230137","get","86","200"
"1696482230134","get","89","200"
"1696482230152","post","88","200"
"1696482230153","post","89","200"
"1696482230219","post","87","200"
"1696482230223","post","87","200"
"1696482230220","post","91","200"
"1696482230223","post","88","200"
"1696482230223","post","89","200"
"1696482230219","get","93","200"
"1696482230219","post","94","200"
"1696482230219","post","94","200"
"1696482230240","get","88","200"
"1696482230242","get","86","200"
"1696482230311","get","89","200"
"1696482230306","get","94","200"
"1696482230310","get","91","200"
"1696482230311","get","92","200"
"1696482230312","get","91","200"
"1696482230313","get","91","200"
"1696482230313","get","95","200"
"1696482230312","post","96","200"
"1696482230328","post","82","200"
"1696482230328","post","82","200"
"1696482230400","post","85","200"
"1696482230401","post","89","200"
"1696482230404","post","87","200"
"1696482230403","post","88","200"
"1696482230400","post","91","200"
"1696482230403","post","88","200"
"1696482230410","get","85","200"
"1696482230408","post","87","200"
"1696482230408","get","88","200"
"1696482230410","get","86","200"
"1696482230485","get","84","200"
"1696482230490","get","84","200"
"1696482230496","post","86","200"
"1696482230496","post","86","200"
"1696482230495","post","87","200"
"1696482230495","get","89","200"
"1696482230491","get","95","200"
"1696482230491","get","95","200"
"1696482230491","get","95","200"
"1696482230491","get","95","200"
"1696482230569","post","85","200"
"1696482230574","post","84","200"
"1696482230582","get","80","200"
"1696482230582","get","81","200"
"1696482230582","get","81","200"
"1696482230586","post","82","200"
"1696482230586","post","82","200"
"1696482230587","post","83","200"
"1696482230586","post","84","200"
"1696482230584","post","86","200"
"1696482230658","get","91","200"
"1696482230655","get","97","200"
"1696482230663","post","89","200"
"1696482230663","post","89","200"
"1696482230662","post","90","200"
"1696482230670","get","84","200"
"1696482230668","get","87","200"
"1696482230669","get","87","200"
"1696482230670","get","86","200"
"1696482230670","get","86","200"
"1696482230749","post","84","200"
"1696482230752","get","90","200"
"1696482230752","get","91","200"
"1696482230752","post","91","200"
"1696482230754","post","89","200"
"1696482230752","get","96","200"
"1696482230756","post","93","200"
"1696482230756","post","94","200"
"1696482230755","post","95","200"
"1696482230756","post","94","200"
"1696482230833","get","84","200"
"1696482230842","post","88","200"
"1696482230843","post","87","200"
"1696482230843","get","88","200"
"1696482230843","get","88","200"
"1696482230850","get","85","200"
"1696482230850","get","85","200"
"1696482230848","post","88","200"
"1696482230849","get","87","200"
"1696482230850","get","86","200"
"1696482230917","post","85","200"
"1696482230930","get","86","200"
"1696482230931","post","90","200"
"1696482230930","get","92","200"